{"cameraMode":{"drawMode":0,"name":"Shaded","section":"Shading Mode"},"sceneLighting":true,"audioPlay":false,"sceneViewState":{"m_AlwaysRefresh":false,"showFog":true,"showSkybox":true,"showFlares":true,"showImageEffects":true,"showParticleSystems":true,"showVisualEffectGraphs":true,"m_FxEnabled":true},"in2DMode":false,"pivot":{"x":37.222049713134769,"y":8.812244415283204,"z":39.31932830810547},"rotation":{"x":0.6954588890075684,"y":0.054765425622463229,"z":-0.05330675095319748,"w":0.7144933938980103},"size":7.464100360870361,"orthographic":true}