{"cameraMode":{"drawMode":0,"name":"Shaded","section":"Shading Mode"},"sceneLighting":true,"audioPlay":false,"sceneViewState":{"m_AlwaysRefresh":false,"showFog":true,"showSkybox":true,"showFlares":true,"showImageEffects":true,"showParticleSystems":true,"showVisualEffectGraphs":true,"m_FxEnabled":true},"in2DMode":false,"pivot":{"x":28.832229614257814,"y":-22.626033782958986,"z":31.796497344970704},"rotation":{"x":0.40579718351364138,"y":0.13761994242668153,"z":-0.061952874064445499,"w":0.9014236927032471},"size":24.454784393310548,"orthographic":false}